accession	gene	description	ppid	organism	logFC	AveExpr	t	P.Value	adj.P.Val	B	count	sca.t	sca.P.Value	sca.adj.pval
A0A024R0K5	CEACAM5	A0A024R0K5_HUMAN Carcinoembryonic antigen-related cell adhesion molecule 5 	UP000005640	Homo sapiens	0.07982706743522439	1.0874743993021156	0.4345986282073094	0.6656501399334043	0.9470995279589376	-5.425983151925023	12.0	0.4497869208104734	0.6546711509026913	0.9348488626165946
A0A075B6P5	IGKV2-28	KV228_HUMAN Immunoglobulin kappa variable 2-28 	UP000005640	Homo sapiens	0.35970442604530617	0.4496363329519165	0.9217829404753163	0.3608944937271459	0.7781956737952656	-5.146876643508508	2.0	0.9266246572050376	0.3582597579928646	0.7756234830826585
A0A075B6S5	IGKV1-27	KV127_HUMAN Immunoglobulin kappa variable 1-27 	UP000005640	Homo sapiens	0.5202868826346279	-1.3836914940735765	0.968246842029864	0.3373984815945409	0.760941256362156	-5.110090198834623	1.0	0.9716338649774199	0.335581036406971	0.7678299623368444
A0A087WT59	TTR	A0A087WT59_HUMAN Transthyretin 	UP000005640	Homo sapiens	0.3958827416604406	0.41815109047498217	1.659428236428002	0.10304329018555161	0.5904102032253228	-4.364845411022135	8.0	1.6959477654903128	0.09567589959005045	0.591543202745039
A0A0A0MRA3	TTN	A0A0A0MRA3_HUMAN Titin 	UP000005640	Homo sapiens	0.3150037413254091	0.6322295389046412	1.235941302003127	0.22202878775809554	0.6878009476640453	-4.864749190597046	3.0	1.232236910113886	0.22321884646315732	0.6968449979824339
A0A0A0MSN4	ACE	A0A0A0MSN4_HUMAN Angiotensin-converting enzyme 	UP000005640	Homo sapiens	-0.06923694775445077	0.7570595503976478	-0.48748797765778096	0.6279593859011885	0.93160123962654	-5.40524474743067	12.0	-0.510809161663642	0.611574494463422	0.9259740471010003
A0A0B4J1V1	IGHV3-21	HV321_HUMAN Immunoglobulin heavy variable 3-21 	UP000005640	Homo sapiens	0.2663773161520424	1.4603622587473346	0.6623952444253043	0.5106401871246775	0.8708909364173105	-5.319955877612032	1.0	0.6581115918668238	0.5132728100890906	0.8687204927818666
A0A0B4J231	IGLL5	A0A0B4J231_HUMAN Immunoglobulin lambda like polypeptide 5 	UP000005640	Homo sapiens	-0.8109070472086846	2.169988311570485	-1.6857095681901781	0.09783792806047809	0.5798331071673457	-4.329505188608529	2.0	-1.7010492824610124	0.09470750831779959	0.591543202745039
A0A0C4DFQ8	ASAH2	A0A0C4DFQ8_HUMAN Neutral ceramidase 	UP000005640	Homo sapiens	0.3430009593536178	0.030043287448318516	1.3991153471862816	0.16770907521644463	0.6878009476640453	-4.687942226121621	5.0	1.418197963704854	0.16189967440465078	0.6968449979824339
A0A0C4DGB6	ALB	A0A0C4DGB6_HUMAN Albumin 	UP000005640	Homo sapiens	-0.6205982262003782	0.361434925143089	-2.3433695436870923	0.022965280504399273	0.5798331071673457	-3.2944076667573237	1.0	-2.262795499548645	0.027708274165923606	0.5839856663269976
A0A0C4DH31	IGHV1-18	HV118_HUMAN Immunoglobulin heavy variable 1-18 	UP000005640	Homo sapiens	-0.009590290395794399	-0.3866944374758932	-0.025634312369109027	0.9796470384821305	0.9913397565533588	-5.5062330308670875	1.0	-0.02538009408234128	0.9798456953596641	0.9909478290960632
A0A0C4DH38	IGHV5-51	HV551_HUMAN Immunoglobulin heavy variable 5-51 	UP000005640	Homo sapiens	-0.04304433818459197	-1.6819730141772784	-0.14217675384964867	0.8874892639758418	0.9736698510071188	-5.497878886826295	3.0	-0.14254675920844184	0.88718066241175	0.9733540969898297
A0A0C4DH42	IGHV3-66	HV366_HUMAN Immunoglobulin heavy variable 3-66 	UP000005640	Homo sapiens	0.3222178512982703	0.3341970638905834	0.6127465269868598	0.5427117920592062	0.8887699863525982	-5.346761945437346	1.0	0.6145416315507162	0.5414478710838139	0.8865970341190973
A0A0G2JMB2	IGHA2	A0A0G2JMB2_HUMAN Immunoglobulin heavy constant alpha 2 (Fragment) 	UP000005640	Homo sapiens	-0.1366781303829231	0.7976100124225755	-0.4573676898430953	0.6493100146387112	0.9380929050074029	-5.417344094115509	7.0	-0.46603032421877705	0.64307516532169	0.9348488626165946
A0A0G2JMW3	CDHR5	A0A0G2JMW3_HUMAN Cadherin-related family member 5 	UP000005640	Homo sapiens	0.1769352768790952	0.04770007491624267	0.8145459146859171	0.419043244669013	0.8205967711158338	-5.225109666939889	4.0	0.816776573384731	0.4176582813948633	0.8078418766691698
A0A0J9YYC8	PRSS2	A0A0J9YYC8_HUMAN Serine protease 2 	UP000005640	Homo sapiens	0.014717380861258622	1.2161075893132332	0.038710808042745806	0.9692690410283966	0.9913397565533588	-5.5058735341606475	7.0	0.039409742727483654	0.968709594976528	0.9909478290960632
A0A0M6WD85	tuf_2	A0A0M6WD85_9FIRM Elongation factor Tu 	UP000018162	[Eubacterium] rectale	-0.23878903326365286	1.6420356716374873	-0.45574338162541816	0.6504700803589067	0.9380929050074029	-5.417974868323908	2.0	-0.4604245578757115	0.6470671563561403	0.9348488626165946
A0A0M6WM27	FYL37_07835	A0A0M6WM27_9FIRM GGGtGRT protein 	UP000018162	[Eubacterium] rectale	-0.055943827543885105	0.24185686248155303	-0.16248489761913648	0.871553138526707	0.9736698510071188	-5.495236718047992	1.0	-0.16012951153186514	0.8733787698122306	0.9733540969898297
A0A182DWF7	MUC3A	A0A182DWF7_HUMAN Mucin 3A, cell surface associated (Fragment) 	UP000005640	Homo sapiens	-0.07604046592014391	0.41881259447849584	-0.34912437627452375	0.7284042919980647	0.9731431941320114	-5.454505974300285	1.0	-0.3294960378981973	0.7430602090452942	0.9733540969898297
A0A1B0GU86	ACY1	A0A1B0GU86_HUMAN N-acyl-aliphatic-L-amino acid amidohydrolase 	UP000005640	Homo sapiens	0.7103977866824253	-0.2897158579569388	1.3101126977732553	0.19590974797323157	0.6878009476640453	-4.78689244622185	1.0	1.3149987804419672	0.19408795628698775	0.6968449979824339
A0A2R8YCR2	CTRB2	A0A2R8YCR2_HUMAN Chymotrypsinogen B2 	UP000005640	Homo sapiens	-0.688440054651198	-0.5208731990291009	-2.146035519911331	0.036552872439287586	0.5798331071673457	-3.6341477198717334	3.0	-2.154851043929437	0.03566772840584115	0.5839856663269976
A0A4S2AFT8	D3Z42_00535	A0A4S2AFT8_9FIRM Cold-shock protein 	UP000191179	Candidatus Weimeria bifida	-0.5414576322405994	-0.22576918961846412	-1.5223169871314166	0.13398189002589714	0.6399806199083075	-4.541197040793327	1.0	-1.503105052679502	0.13865967519230485	0.6680875259265597
A0A5H1ZRQ3	IGKC	A0A5H1ZRQ3_HUMAN Immunoglobulin kappa constant (Fragment) 	UP000005640	Homo sapiens	-0.1874869020497174	3.109411968410388	-0.40463075765454976	0.6874068677199481	0.9524853330498627	-5.4366867289489935	14.0	-0.4126888734361906	0.6814746256832214	0.9523703262585757
A0A7I2V2R5	DPP4	A0A7I2V2R5_HUMAN Dipeptidyl peptidase 4 	UP000005640	Homo sapiens	-0.1682449944901917	0.6113286314778461	-1.228159788547594	0.2249113166494815	0.6878009476640453	-4.872672308632078	14.0	-1.2972218716282073	0.200090274608946	0.6968449979824339
A0A9L9PXQ4	LAMP2	A0A9L9PXQ4_HUMAN Lysosomal associated membrane protein 2 	UP000005640	Homo sapiens	-0.9814093613261041	0.3258118088261666	-1.737170682247621	0.08827137036161148	0.5798331071673457	-4.258896425120396	1.0	-1.7453837011559625	0.08662739511724515	0.591543202745039
A6KWL6	BVU_0100	A6KWL6_PHOV8 Uncharacterized protein 	UP000002861	Phocaeicola vulgatus dnLKV7	0.15032374646032634	-0.2322697804715925	0.48687413746054603	0.6283914022009208	0.93160123962654	-5.405498949191503	2.0	0.48620982901951015	0.6287930647875395	0.9321967114332753
A6KWV5	BVU_0191	A6KWV5_PHOV8 ROK family transcriptional repressor, with glucokinase domain 	UP000002861	Phocaeicola vulgatus dnLKV7	-0.10627099481911764	0.2617970788192315	-0.5270014020464552	0.600431442808853	0.9236599157994928	-5.388215371752603	4.0	-0.5272983915061068	0.6001542066379015	0.9174961280985675
A6KX09	BVU_0251	A6KX09_PHOV8 Glutamate dehydrogenase 	UP000002861	Phocaeicola vulgatus dnLKV7	0.1846274627596468	0.809468324819931	1.189886197728444	0.23948992392778212	0.6878009476640453	-4.910960553658674	9.0	1.2295247468180424	0.22422522618574267	0.6968449979824339
A6KX14	mdh	A6KX14_PHOV8 Malate dehydrogenase 	UP000002861	Phocaeicola vulgatus dnLKV7	-0.1342004758097739	1.4020378053796483	-0.6092626849031684	0.5450004633294234	0.8887699863525982	-5.348565896406089	4.0	-0.6111591185503149	0.5436679926202012	0.8865970341190973
A6KX25	BVU_0269	A6KX25_PHOV8 branched-chain-amino-acid transaminase 	UP000002861	Phocaeicola vulgatus dnLKV7	0.1489428579389382	-0.4426541979125966	0.4581307342303305	0.6487653572420788	0.9380929050074029	-5.417047010469069	1.0	0.4498442575432852	0.6546300656442074	0.9348488626165946
A6KX81	BVU_0325	A6KX81_PHOV8 Electron transfer flavoprotein beta-subunit 	UP000002861	Phocaeicola vulgatus dnLKV7	-0.011405665349993932	-0.4963929763535971	-0.03773624381533749	0.9700423294586206	0.9913397565533588	-5.505905365536838	1.0	-0.03685993725878862	0.9707331142905725	0.9909478290960632
A6KXA0	groEL	CH60_PHOV8 Chaperonin GroEL 	UP000002861	Phocaeicola vulgatus dnLKV7	-0.039742302888070236	0.3083142281251472	-0.17450342384083675	0.8621467815373467	0.9736698510071188	-5.493507343682494	7.0	-0.17810128605682174	0.8593123653143306	0.9733540969898297
A6KXC8	BVU_0373	A6KXC8_PHOV8 Nucleotidyltransferase 	UP000002861	Phocaeicola vulgatus dnLKV7	-0.43560338478164573	0.8306080942298594	-1.41567809762175	0.1628254077672724	0.6878009476640453	-4.668870248943096	1.0	-1.3846738934128018	0.1718682008804092	0.6968449979824339
A6KXJ6	BVU_0445	A6KXJ6_PHOV8 FKBP-type peptidyl-prolyl cis-transisomerase 	UP000002861	Phocaeicola vulgatus dnLKV7	0.02388181747260809	-2.0584491124838404	0.04768354585417903	0.9621509270537394	0.9913397565533588	-5.505542334083657	1.0	0.047757825276673355	0.9620860972306612	0.9909478290960632
A6KXK8	BVU_0462	A6KXK8_PHOV8 Malate dehydrogenase 	UP000002861	Phocaeicola vulgatus dnLKV7	0.49525986929169935	0.2084592290128593	1.9924117658508482	0.05158196802108764	0.5798331071673457	-3.881823342356504	6.0	2.0280186987053996	0.047522391859643305	0.5839856663269976
A6KXL2	tpiA	TPIS_PHOV8 Triosephosphate isomerase 	UP000002861	Phocaeicola vulgatus dnLKV7	0.07232077558500416	1.1121052101767772	0.3892993153891229	0.6986428440388898	0.9617680710145755	-5.441869212885856	8.0	0.39924366424249375	0.6912941326910889	0.9523703262585757
A6KXR9	BVU_0523	A6KXR9_PHOV8 phosphate acetyltransferase 	UP000002861	Phocaeicola vulgatus dnLKV7	0.4082443119548165	-2.5535318779293417	1.784574305577121	0.08015854485080377	0.5798331071673457	-4.192219561088928	3.0	1.7710745969715984	0.08221282322883598	0.591543202745039
A6KXS0	ackA	ACKA_PHOV8 Acetate kinase 	UP000002861	Phocaeicola vulgatus dnLKV7	-0.33254757957558956	0.021883400555869823	-0.6157302366111427	0.5407556025514222	0.8887699863525982	-5.345208925101109	1.0	-0.6179643037705839	0.5392061374290366	0.8865970341190973
A6KXT1	BVU_0535	A6KXT1_PHOV8 Glycoside hydrolase family 29, candidate alpha-L-fucosidase 	UP000002861	Phocaeicola vulgatus dnLKV7	0.040756465391584396	-2.610473675922872	0.15785584498309466	0.875181158876948	0.9736698510071188	-5.495869937206679	1.0	0.15204094209612906	0.8797233843330383	0.9733540969898297
A6KXZ0	rhaA	A6KXZ0_PHOV8 L-rhamnose isomerase 	UP000002861	Phocaeicola vulgatus dnLKV7	0.11964555243565755	-0.32529783306830773	0.6798275592138792	0.49962592476404355	0.8611438703250182	-5.310058295550969	7.0	0.6956911058345836	0.4896166802712585	0.8508093132582524
A6KY06	BVU_0612	A6KY06_PHOV8 Glycosidase 	UP000002861	Phocaeicola vulgatus dnLKV7	0.023921403460966273	-1.311278116512399	0.04296026212193333	0.9658975797951828	0.9913397565533588	-5.505725253827978	1.0	0.04314861825077155	0.9657428108554217	0.9909478290960632
A6KYJ2	rplB	RL2_PHOV8 Large ribosomal subunit protein uL2 	UP000002861	Phocaeicola vulgatus dnLKV7	0.29951076120690706	0.43208062888451576	1.0982158317718866	0.2771641587459295	0.7344850206767131	-4.998024390231482	2.0	1.0913381909359539	0.27998756871103014	0.7367672857809315
A6KYJ5	rplC	RL3_PHOV8 Large ribosomal subunit protein uL3 	UP000002861	Phocaeicola vulgatus dnLKV7	0.31396460803717785	0.7862370277856676	0.547799632870231	0.5861709274127582	0.9236599157994928	-5.378725510910007	1.0	0.5505713968974937	0.5842065259141123	0.9168586531561892
A6KYK4	rplL	RL7_PHOV8 Large ribosomal subunit protein bL12 	UP000002861	Phocaeicola vulgatus dnLKV7	0.181875940765289	3.385337624580564	0.8831667409592974	0.38120683454927073	0.7797830046687068	-5.176124258417811	2.0	0.863267148310352	0.39182282687337966	0.7911089456872046
A6KYK5	BVU_0815	A6KYK5_PHOV8 50S ribosomal protein L10 	UP000002861	Phocaeicola vulgatus dnLKV7	0.9876330660238619	-1.7257825174563028	3.516077207391263	0.0009169375802723381	0.1943907670177357	-0.8526969551934593	2.0	3.49852335001885	0.0009473317768785324	0.20083433669824885
A6KYK6	rplA	RL1_PHOV8 Large ribosomal subunit protein uL1 	UP000002861	Phocaeicola vulgatus dnLKV7	0.33444468713044323	0.514702750898046	0.9093256569755758	0.3673694536248291	0.7781956737952656	-5.156443497402125	1.0	0.899503954004457	0.37239286819311	0.7822386498593099
A6KYK7	rplK	RL11_PHOV8 Large ribosomal subunit protein uL11 	UP000002861	Phocaeicola vulgatus dnLKV7	0.6679595840538621	-0.7345084292935006	2.045652027161347	0.045859010428825446	0.5798331071673457	-3.7977030764423914	2.0	2.0466668002608945	0.045589587626288806	0.5839856663269976
A6KYK9	tuf	EFTU_PHOV8 Elongation factor Tu 	UP000002861	Phocaeicola vulgatus dnLKV7	-0.0875686495318862	0.3987145580560944	-0.2808324919890352	0.7799521001202994	0.9736698510071188	-5.472846271374869	3.0	-0.28178468060268397	0.7791897073895321	0.9733540969898297
A6KYQ1	BVU_0870	A6KYQ1_PHOV8 Putative outer membrane protein OmpH 	UP000002861	Phocaeicola vulgatus dnLKV7	-0.009736611878068235	0.19304498929291686	-0.04693559665510187	0.962744168058212	0.9913397565533588	-5.505572570323841	5.0	-0.0475204287512593	0.9622744163764674	0.9909478290960632
A6KYR0	BVU_0879	A6KYR0_PHOV8 Putative plasminogen binding protein 	UP000002861	Phocaeicola vulgatus dnLKV7	0.12765653741725363	-0.4006322723890156	0.645036876754791	0.5217362003060336	0.8709297201958986	-5.329560917393531	4.0	0.6450140025674924	0.5216593022221652	0.8708013548905433
A6KZ07	pckA	A6KZ07_PHOV8 Phosphoenolpyruvate carboxykinase (ATP) 	UP000002861	Phocaeicola vulgatus dnLKV7	0.11317373712860301	0.9164816343581387	0.7635829083070877	0.44856297719548066	0.8331603371655549	-5.259000905840512	25.0	0.8141233230394385	0.4191632378943806	0.8078418766691698
A6KZ09	BVU_0978	A6KZ09_PHOV8 2-oxoglutarate synthase subunit KorB 	UP000002861	Phocaeicola vulgatus dnLKV7	0.3370696529727608	-1.7500243417955554	1.739489534121563	0.08785923494420769	0.5798331071673457	-4.255671106462697	2.0	1.692040001417949	0.09642318762659037	0.591543202745039
A6KZ10	BVU_0979	A6KZ10_PHOV8 2-oxoglutarate synthase subunit korA 	UP000002861	Phocaeicola vulgatus dnLKV7	0.0008186076831553368	1.3164177620880868	0.003951908114313597	0.9968619482551518	0.9968619482551518	-5.506507120138027	1.0	0.003702811543572316	0.9970592867475778	0.9970592867475778
A6KZ12	BVU_0982	A6KZ12_PHOV8 NAD dependent nucleotide-diphosphate-sugar epimerase 	UP000002861	Phocaeicola vulgatus dnLKV7	0.09178376860625637	-1.2268937575090852	0.42034834563444007	0.6759612001068074	0.9524853330498627	-5.431167478844529	2.0	0.41260288406469064	0.681537253022672	0.9523703262585757
A6KZ30	BVU_1001	A6KZ30_PHOV8 Glycoside hydrolase family 51, candidate alpha-L-arabinofuranosidase 	UP000002861	Phocaeicola vulgatus dnLKV7	-0.49669305469462777	-1.0660351599452251	-1.9590538624527147	0.05547281411673695	0.5798331071673457	-3.933586220811302	3.0	-1.952788761931744	0.0560551971778212	0.591543202745039
A6KZ78	acpP	ACP_PHOV8 Acyl carrier protein 	UP000002861	Phocaeicola vulgatus dnLKV7	0.4251474786825613	1.2475774321569109	1.5149075008690183	0.13584494290506527	0.6399806199083075	-4.550338990140255	1.0	1.4707188420705422	0.14719205570698324	0.6770546276854026
A6KZD3	BVU_1106	A6KZD3_PHOV8 Gluconate 5-dehydrogenase 	UP000002861	Phocaeicola vulgatus dnLKV7	-0.5313322333848638	0.8142197602641512	-1.6953342508709508	0.095986542156952	0.5798331071673457	-4.316440834658554	1.0	-1.6604356644279892	0.10264490330843655	0.6044644305941264
A6KZJ0	BVU_1163	A6KZJ0_PHOV8 Putative coenzyme A transferase 	UP000002861	Phocaeicola vulgatus dnLKV7	-0.07861837110420433	0.947690397177221	-0.2942737298530202	0.7697190518361368	0.9736698510071188	-5.469549532888208	2.0	-0.292157185305837	0.7712901479474155	0.9733540969898297
A6L048	fucI	FUCI_PHOV8 L-fucose isomerase 	UP000002861	Phocaeicola vulgatus dnLKV7	-0.13636866694872468	-0.08503244645794067	-1.0306229687198165	0.3074826591408908	0.7484059767684593	-5.0579835555849	7.0	-1.0600814414745112	0.29384364276988434	0.7505403887616322
A6L050	gpmI	GPMI_PHOV8 2,3-bisphosphoglycerate-independent phosphoglycerate mutase 	UP000002861	Phocaeicola vulgatus dnLKV7	-0.008377410254747641	0.25522671246241285	-0.044241862837269365	0.9648808948459502	0.9913397565533588	-5.505677505326005	6.0	-0.04507238081586238	0.9642164995355995	0.9909478290960632
A6L091	gcvH	GCSH_PHOV8 Glycine cleavage system H protein 	UP000002861	Phocaeicola vulgatus dnLKV7	-0.4410504870164055	-0.43221264555125755	-0.8383794797689661	0.4056509823117955	0.8037197032719687	-5.208530683611227	1.0	-0.8408448695283322	0.4041565546901007	0.8007587812551528
A6L0S4	BVU_1602	A6L0S4_PHOV8 Purine nucleoside phosphorylase 	UP000002861	Phocaeicola vulgatus dnLKV7	-0.14107328015347864	-1.2305929133486009	-0.23963677201001324	0.8115529720375884	0.9736698510071188	-5.481993415611226	1.0	-0.24099156986173506	0.8104777205001986	0.9733540969898297
A6L0X6	BVU_1659	A6L0X6_PHOV8 Meso-diaminopimelate D-dehydrogenase 	UP000002861	Phocaeicola vulgatus dnLKV7	0.4130970680852452	-0.5275652552947452	1.1222115118992861	0.26692231815149214	0.7162978664318523	-4.9758707722184665	1.0	1.1101410638469051	0.2718755476306667	0.7367672857809315
A6L0Y8	BVU_1671	A6L0Y8_PHOV8 Fructose-bisphosphate aldolase 	UP000002861	Phocaeicola vulgatus dnLKV7	0.38170850514703064	-0.009241973116656373	1.522281100595618	0.1339908641398499	0.6399806199083075	-4.541241415028851	2.0	1.5066225353614082	0.13775703566708974	0.6680875259265597
A6L1A1	BVU_1789	A6L1A1_PHOV8 Aldehyde dehydrogenase A 	UP000002861	Phocaeicola vulgatus dnLKV7	-0.023693997235012754	-1.3932966510262437	-0.07946601216197702	0.9369666794735336	0.9882434629273091	-5.503815863416019	2.0	-0.07925715165241992	0.9371221592849437	0.9884074515841198
A6L1A7	kduI	A6L1A7_PHOV8 4-deoxy-L-threo-5-hexosulose-uronate ketol-isomerase 	UP000002861	Phocaeicola vulgatus dnLKV7	0.5210718559374883	0.0069656250853217605	1.8483749881144698	0.07023212927548259	0.5798331071673457	-4.1000351087157485	1.0	1.795167640756066	0.07824479201730158	0.591543202745039
A6L1D3	purH	A6L1D3_PHOV8 Bifunctional purine biosynthesis protein PurH 	UP000002861	Phocaeicola vulgatus dnLKV7	0.08825791255513926	1.0554640207306345	0.41473911980404127	0.6800372173147449	0.9524853330498627	-5.433161115904117	2.0	0.40637022396127415	0.6860825759409299	0.9523703262585757
A6L1H0	BVU_1859	A6L1H0_PHOV8 Fumarate hydratase class I 	UP000002861	Phocaeicola vulgatus dnLKV7	-0.023802109080303446	-0.8662073361441605	-0.11732476608799865	0.9070542257709653	0.9736698510071188	-5.500633336114173	3.0	-0.11570088096707849	0.9083203925673609	0.9733540969898297
A6L1J7	BVU_1886	A6L1J7_PHOV8 Thioredoxin 	UP000002861	Phocaeicola vulgatus dnLKV7	0.12211088339607712	-0.6558679234846307	0.457102161230962	0.6494995929560146	0.9380929050074029	-5.41744735993729	2.0	0.4538129616899629	0.6517888667558884	0.9348488626165946
A6L1N6	BVU_1927	A6L1N6_PHOV8 Aminoacyl-histidine dipeptidase 	UP000002861	Phocaeicola vulgatus dnLKV7	-0.05913395745556602	-0.06389637497100235	-0.28355282011886906	0.7778778322646306	0.9736698510071188	-5.472191448057061	5.0	-0.2870983425668625	0.7751399063446702	0.9733540969898297
A6L1U4	BVU_1986	A6L1U4_PHOV8 Enoyl-[acyl-carrier-protein] reductase [NADH] 	UP000002861	Phocaeicola vulgatus dnLKV7	0.3536454902247671	-0.8153740469379533	1.3405350713862936	0.1858928624891544	0.6878009476640453	-4.753743682275022	2.0	1.3301059859941646	0.18909470240705695	0.6968449979824339
A6L1X1	purA	PURA_PHOV8 Adenylosuccinate synthetase 	UP000002861	Phocaeicola vulgatus dnLKV7	-1.167227531832282	2.2982828900841574	-2.823029959352603	0.0067238599627169274	0.3093596583716473	-2.375840832079911	2.0	-2.8413146638449374	0.006332738430077071	0.2992678792483913
A6L1Z2	BVU_2041	G1095_PHOV8 Glycosyl hydrolase family 109 protein 5 	UP000002861	Phocaeicola vulgatus dnLKV7	-0.31922582641608166	-0.6032741632346542	-1.0711832724142931	0.28902856336165544	0.7484059767684593	-5.022438065365409	2.0	-1.0683473149484128	0.2901341929807475	0.7501030355112008
A6L223	BVU_2072	A6L223_PHOV8 Aminopeptidase 	UP000002861	Phocaeicola vulgatus dnLKV7	0.4030376127671148	-1.1178648259375676	2.0511702594387753	0.04529856134533002	0.5798331071673457	-3.788879239639593	3.0	2.0188492501834823	0.04849847306372534	0.5839856663269976
A6L2F3	pgk	A6L2F3_PHOV8 Phosphoglycerate kinase 	UP000002861	Phocaeicola vulgatus dnLKV7	0.2279983820601451	0.6773733201317526	1.446081429807483	0.15414888099626994	0.6808242244001923	-4.633327995885834	6.0	1.474604502054657	0.14614705725863575	0.6770546276854026
A6L2N1	pfp	A6L2N1_PHOV8 Pyrophosphate--fructose 6-phosphate 1-phosphotransferase 	UP000002861	Phocaeicola vulgatus dnLKV7	0.09659108005650874	-0.36755367895467905	0.3471779546421469	0.7298573955990086	0.9731431941320114	-5.455083484531384	5.0	0.3521444365019136	0.7261056431231094	0.9717328254280897
A6L2R5	araA	ARAA_PHOV8 L-arabinose isomerase 	UP000002861	Phocaeicola vulgatus dnLKV7	0.08317556430000683	-0.7530296700334719	0.438260731513015	0.6630107292921539	0.9470995279589376	-5.424623178886968	6.0	0.4464835871574317	0.6570400024993991	0.9348488626165946
A6L2S5	grpE	A6L2S5_PHOV8 Protein GrpE 	UP000002861	Phocaeicola vulgatus dnLKV7	-0.10470670651570302	-2.6540532680757343	-0.26846501747305945	0.7894025052137741	0.9736698510071188	-5.4757439892498745	1.0	-0.2663514736794668	0.7909867185338659	0.9733540969898297
A6L2W2	BVU_2367	A6L2W2_PHOV8 Putative rubrerythrin 	UP000002861	Phocaeicola vulgatus dnLKV7	-0.03300130141149804	1.3544919198009202	-0.1721352457173086	0.8639987017455325	0.9736698510071188	-5.49385785228856	4.0	-0.17194585193683892	0.8641252610515687	0.9733540969898297
A6L2X7	dnaK	DNAK_PHOV8 Chaperone protein DnaK 	UP000002861	Phocaeicola vulgatus dnLKV7	0.1678082970832118	0.12116722780143159	1.2518878549479133	0.2162069083195955	0.6878009476640453	-4.8483665846214254	21.0	1.3429095798554698	0.18493957857294016	0.6968449979824339
A6L384	BVU_2491	A6L384_PHOV8 Propionyl-CoA carboxylase beta chain 	UP000002861	Phocaeicola vulgatus dnLKV7	0.3427532690181986	-0.7417401399242095	1.0498904965226117	0.2986184490735738	0.7484059767684593	-5.041261027451505	1.0	1.0311874503973815	0.3070664873811883	0.7569545968001385
A6L3A7	BVU_2514	A6L3A7_PHOV8 GGGtGRT protein 	UP000002861	Phocaeicola vulgatus dnLKV7	0.4739860631278711	0.6534313516905612	2.5220035140408674	0.014766535361444516	0.521750916104373	-2.9670298763525005	12.0	2.608017666798886	0.011762929204042538	0.41562349854283637
A6L3A8	BVU_2515	A6L3A8_PHOV8 NifU homolog involved in Fe-S cluster formation 	UP000002861	Phocaeicola vulgatus dnLKV7	0.13959905671875192	0.1310850525370388	0.8027290705671305	0.4257813435034987	0.8205967711158338	-5.233157543557162	7.0	0.8215918518549559	0.4149353703223636	0.8078418766691698
A6L3D6	purC	A6L3D6_PHOV8 Phosphoribosylaminoimidazole-succinocarboxamide synthase 	UP000002861	Phocaeicola vulgatus dnLKV7	-0.04210990859642756	-0.10272666599039051	-0.18262603267557126	0.855800868605262	0.9736698510071188	-5.492268802364343	2.0	-0.1798914631771926	0.8579136366217776	0.9733540969898297
A6L3F1	BVU_2558	A6L3F1_PHOV8 Acetohydroxy-acid isomeroreductase 	UP000002861	Phocaeicola vulgatus dnLKV7	0.17831397275081035	-0.2241354375128436	0.5744435883181916	0.5681419774239569	0.9056097685254049	-5.366039088859424	2.0	0.5737671012537616	0.5685164147290444	0.9130718175951318
A6L3H5	BVU_2584	A6L3H5_PHOV8 30S ribosomal protein S1 	UP000002861	Phocaeicola vulgatus dnLKV7	-0.6469073398884886	0.9204495575870149	-1.7277275192604824	0.08996632376298237	0.5798331071673457	-4.2719922664329175	1.0	-1.7106658258183252	0.0929040144043338	0.591543202745039
A6L3J9	BVU_2608	A6L3J9_PHOV8 Myo-inositol-1-phosphate synthase 	UP000002861	Phocaeicola vulgatus dnLKV7	-0.17464950147303399	-0.00279502618279704	-0.6017918703357368	0.549924902029489	0.8899548032843638	-5.352400209048905	1.0	-0.5859145566898578	0.5603830213954191	0.9068793934032736
A6L3M9	eno	ENO_PHOV8 Enolase 	UP000002861	Phocaeicola vulgatus dnLKV7	0.3897743281059858	-1.5714721298031757	1.246133247390782	0.2182946638982775	0.6878009476640453	-4.854301137018878	1.0	1.220307068106849	0.22767047085535042	0.6968449979824339
A6L3Z8	BVU_2762	A6L3Z8_PHOV8 DUF4301 domain-containing protein 	UP000002861	Phocaeicola vulgatus dnLKV7	0.13418982576750815	0.6705240376139749	0.2664587382497619	0.7909386224463828	0.9736698510071188	-5.4762018029413895	1.0	0.2669168275665537	0.7905536784742054	0.9733540969898297
A6L3Z9	BVU_2763	A6L3Z9_PHOV8 Peptide-N-glycosidase F N-terminal domain-containing protein 	UP000002861	Phocaeicola vulgatus dnLKV7	0.08644422538486585	-1.7564126370637723	0.19997618027482003	0.8422784089934314	0.9736698510071188	-5.48943484218129	1.0	0.19928609799570818	0.8427902352094186	0.9733540969898297
A6L411	BVU_2775	A6L411_PHOV8 Glycosyltransferase family 4 	UP000002861	Phocaeicola vulgatus dnLKV7	-0.06724166237094331	-0.7914850367294815	-0.24486601275734765	0.8075229108673458	0.9736698510071188	-5.48091231834664	1.0	-0.23725953099433353	0.813356624729451	0.9733540969898297
A6L412	BVU_2776	A6L412_PHOV8 Glycoside hydrolase family 57, candidate alpha-glycosidase 	UP000002861	Phocaeicola vulgatus dnLKV7	0.8028549098288716	-0.7189221223971082	1.9069790505133162	0.06204895069439837	0.5798331071673457	-4.012922462544399	1.0	1.898386304438573	0.0630147231955564	0.591543202745039
A6L4P3	BVU_3019	A6L4P3_PHOV8 glycine dehydrogenase (aminomethyl-transferring) 	UP000002861	Phocaeicola vulgatus dnLKV7	0.42479762374537017	-0.5102749719402466	1.2018810987338766	0.23484898450900027	0.6878009476640453	-4.899083213173505	2.0	1.205260683362744	0.23337733422996607	0.6968449979824339
A6L4S8	BVU_3055	A6L4S8_PHOV8 2-dehydro-3-deoxygluconokinase 	UP000002861	Phocaeicola vulgatus dnLKV7	0.04648759620962628	1.1595297514983374	0.23179485153890564	0.8176061778082477	0.9736698510071188	-5.483571031097119	5.0	0.2346159761508205	0.8153974419710592	0.9733540969898297
A6L4S9	BVU_3056	A6L4S9_PHOV8 Putative gluconate aldolase 	UP000002861	Phocaeicola vulgatus dnLKV7	0.2949529134749568	-0.8964881382977576	1.3094602880779826	0.1961289354911833	0.6878009476640453	-4.787595616772279	2.0	1.2879660688571946	0.2032701231055026	0.6968449979824339
A6L4U4	uxaC	UXAC_PHOV8 Uronate isomerase 	UP000002861	Phocaeicola vulgatus dnLKV7	0.13281691948261554	-0.5533791796357096	0.9892244907896759	0.32712939500359917	0.7574831148946896	-5.09291345802991	11.0	1.0367770274595187	0.3044773890883467	0.7569545968001385
A6L4U5	uxaB	UXAB_PHOV8 Altronate oxidoreductase 	UP000002861	Phocaeicola vulgatus dnLKV7	0.6847205531200832	-0.5749771749977589	1.870329253829421	0.06706555957587162	0.5798331071673457	-4.067672310184946	1.0	1.8496699792079399	0.06985711891609502	0.591543202745039
A6L593	BVU_3228	A6L593_PHOV8 Aminopeptidase 	UP000002861	Phocaeicola vulgatus dnLKV7	-0.21339612424997656	-1.0583809848623178	-0.9800417943464749	0.331598589282845	0.7574831148946896	-5.100475753339208	2.0	-0.9618004530246881	0.3404529078286008	0.7678299623368444
A6L5A6	serC	SERC_PHOV8 Phosphoserine aminotransferase 	UP000002861	Phocaeicola vulgatus dnLKV7	-0.4987218103225257	1.906130791918095	-1.1826848854002074	0.24230795724740206	0.6878009476640453	-4.918037584523658	1.0	-1.1774335328925192	0.24420511068590012	0.705149878894441
A6L5A7	BVU_3242	A6L5A7_PHOV8 D-3-phosphoglycerate dehydrogenase 	UP000002861	Phocaeicola vulgatus dnLKV7	0.3606477166535187	0.21638601419586748	1.5213017219476133	0.13423596121275339	0.6399806199083075	-4.542452067636794	7.0	1.5521972686430998	0.12647834675620825	0.6539855978613696
A6L5A8	BVU_3243	A6L5A8_PHOV8 DUF1015 domain-containing protein 	UP000002861	Phocaeicola vulgatus dnLKV7	-0.03767613713830831	-1.5761052336027281	-0.11127506699071225	0.911826182235819	0.9736698510071188	-5.501224055696045	1.0	-0.10954962327514348	0.9131741721985389	0.9733540969898297
A6L5I5	BVU_3323	A6L5I5_PHOV8 YhcH/YjgK/YiaL family protein 	UP000002861	Phocaeicola vulgatus dnLKV7	0.19195489573756297	1.001228395752216	1.0204843080656179	0.31221832730845656	0.7484059767684593	-5.066664443023581	2.0	0.9900892287438579	0.32656269308012265	0.760783416846
A6L5K3	glyA	GLYA_PHOV8 Serine hydroxymethyltransferase 	UP000002861	Phocaeicola vulgatus dnLKV7	-0.5747429613101707	1.056898091993141	-1.6824978390848446	0.09846222574539831	0.5798331071673457	-4.333850179832895	2.0	-1.6856245274017667	0.09766043441545456	0.591543202745039
A6L5K5	BVU_3343	A6L5K5_PHOV8 Outer membrane protein, OmpA family 	UP000002861	Phocaeicola vulgatus dnLKV7	0.39462574297567543	-1.6311820143867917	1.0324106592108286	0.30665274708466056	0.7484059767684593	-5.056444418704351	1.0	1.0232809842540938	0.31075430094918954	0.7572403655313584
A6L5M0	BVU_3358	A6L5M0_PHOV8 Pyruvate, phosphate dikinase 	UP000002861	Phocaeicola vulgatus dnLKV7	-0.2483080448059268	-0.24243187178957096	-0.7829995835741504	0.43717525078871866	0.8254543293864814	-5.246339570183362	2.0	-0.7826468685629153	0.4372659661526622	0.820962439785661
A6L618	mgsA	A6L618_PHOV8 Methylglyoxal synthase 	UP000002861	Phocaeicola vulgatus dnLKV7	0.2062402532838482	-0.5350915478593564	1.0355858427716282	0.30518247736312865	0.7484059767684593	-5.053704432104489	1.0	0.9643867985275306	0.3391670334610858	0.7678299623368444
A6L626	BVU_3516	A6L626_PHOV8 Fructose-bisphosphate aldolase class I 	UP000002861	Phocaeicola vulgatus dnLKV7	0.05639718808641889	-0.08222429742878641	0.20284616339359163	0.8400460759488174	0.9736698510071188	-5.488941329583625	1.0	0.19676572807227688	0.8447523114151783	0.9733540969898297
A6L627	BVU_3517	A6L627_PHOV8 Ferritin 	UP000002861	Phocaeicola vulgatus dnLKV7	0.25401419892880783	-1.2400535604711196	0.7141524467143806	0.4783231594177225	0.8440051438463498	-5.2898340362984415	2.0	0.7162821187131438	0.4769149758992661	0.8455790231438499
A6L640	BVU_3530	A6L640_PHOV8 Glutamine synthetase I 	UP000002861	Phocaeicola vulgatus dnLKV7	-0.8504205469387822	-1.28208106773211	-1.451964561472645	0.1525124596100788	0.6808242244001923	-4.6263710723275455	1.0	-1.4600126847557446	0.15010173349629208	0.6770546276854026
A6L655	BVU_3551	A6L655_PHOV8 ribose-phosphate diphosphokinase 	UP000002861	Phocaeicola vulgatus dnLKV7	-0.3487356061981694	-0.46345909984642597	-1.0162953739936633	0.31418930156789093	0.7484059767684593	-5.070227168617689	1.0	-1.0013590899009333	0.32113592940660046	0.760783416846
A6L663	BVU_3559	A6L663_PHOV8 Glycosyltransferase family 35, candidate alpha-glucan phosphorylase 	UP000002861	Phocaeicola vulgatus dnLKV7	0.2402709312994914	-0.6587420928894814	1.5876726396086134	0.11841675957665651	0.6399806199083075	-4.45882789277064	8.0	1.635546331690697	0.10777255049316412	0.6087607841578632
A6L684	BVU_3585	A6L684_PHOV8 Glyceraldehyde-3-phosphate dehydrogenase 	UP000002861	Phocaeicola vulgatus dnLKV7	-0.23573000762756813	1.2117537826317313	-1.182952115381228	0.24220295722587998	0.6878009476640453	-4.917775687015051	25.0	-1.2340176031485555	0.2225599087620794	0.6968449979824339
A6L6D5	BVU_3638	A6L6D5_PHOV8 serine--tRNA ligase 	UP000002861	Phocaeicola vulgatus dnLKV7	-0.03341623288449491	1.6379377467736584	-0.11987064063795214	0.9050470806402098	0.9736698510071188	-5.500375404049945	1.0	-0.11630506181354891	0.9078438375979069	0.9733540969898297
A6L6T4	BVU_3787	A6L6T4_PHOV8 Pyruvate-flavodoxin oxidoreductase 	UP000002861	Phocaeicola vulgatus dnLKV7	0.14553408486195324	-0.038617686516396854	1.02815254225832	0.30863203842568065	0.7484059767684593	-5.060106317545058	16.0	1.0878732225737013	0.281500708246488	0.7367672857809315
A6L6V1	BVU_3804	A6L6V1_PHOV8 Putative phosphoglucomutase 	UP000002861	Phocaeicola vulgatus dnLKV7	0.024085077620966205	-0.15643732867558294	0.10856658866696581	0.9139636808981917	0.9736698510071188	-5.501478396839444	4.0	0.10892492989361967	0.9136672891555477	0.9733540969898297
A6L6V4	BVU_3807	A6L6V4_PHOV8 Alanine dehydrogenase 	UP000002861	Phocaeicola vulgatus dnLKV7	-0.04998836411732266	-1.3786871826755964	-0.16115827277054193	0.872592600160032	0.9736698510071188	-5.495420058889824	2.0	-0.16096434354876044	0.8727244027107558	0.9733540969898297
A6L6X5	gcvT	GCST_PHOV8 Aminomethyltransferase 	UP000002861	Phocaeicola vulgatus dnLKV7	0.8299988009190391	-0.18803250381359557	2.315781825013849	0.02454331111945639	0.5798331071673457	-3.3433174113032793	4.0	2.342321516369636	0.02289494553669975	0.5839856663269976
A6L700	BVU_3861	A6L700_PHOV8 ABM domain-containing protein 	UP000002861	Phocaeicola vulgatus dnLKV7	0.038081105597563725	-0.6444412285176174	0.2623560626095086	0.7940824521471219	0.9736698510071188	-5.477127336126068	1.0	0.2286235952163353	0.8200282928321723	0.9733540969898297
A6L722	BVU_3883	A6L722_PHOV8 UDP-glucose 4-epimerase 	UP000002861	Phocaeicola vulgatus dnLKV7	-0.6517483758531157	-0.2753955408243812	-1.3424222646472685	0.18528455518075465	0.6878009476640453	-4.7516642292212	1.0	-1.3432453820957542	0.18483154337988303	0.6968449979824339
A6L780	BVU_3941	A6L780_PHOV8 glutamine--tRNA ligase 	UP000002861	Phocaeicola vulgatus dnLKV7	-0.12066338890464795	-0.4499009504133895	-0.40876341936618565	0.6843901452263228	0.9524853330498627	-5.435255765468996	1.0	-0.3985309278845714	0.6918161803953804	0.9523703262585757
A6L783	tpx	A6L783_PHOV8 Thiol peroxidase 	UP000002861	Phocaeicola vulgatus dnLKV7	-0.2460198511925823	-0.9311542074371899	-0.8888683734043656	0.3781630820362182	0.7797830046687068	-5.17188185257028	2.0	-0.8838741977338972	0.3806970218983021	0.7835705693440781
A6L792	xylA	XYLA_PHOV8 Xylose isomerase 	UP000002861	Phocaeicola vulgatus dnLKV7	0.027826548339165258	0.20786381707908966	0.12955861867590365	0.8974149808958398	0.9736698510071188	-5.49934328933302	7.0	0.13229451360594421	0.8952448940427744	0.9733540969898297
A6L7J2	BVU_4054	A6L7J2_PHOV8 Glycoside hydrolase family 51, candidate alpha-L-arabinofuranosidase 	UP000002861	Phocaeicola vulgatus dnLKV7	0.3506832781864926	-0.7507606011675977	1.2635488218158968	0.2120217660568961	0.6878009476640453	-4.836262894100269	1.0	1.2254788167617665	0.22573270660224087	0.6968449979824339
A6L7K5	BVU_4067	A6L7K5_PHOV8 SPOR domain-containing protein 	UP000002861	Phocaeicola vulgatus dnLKV7	0.259805151771362	-0.578925223496306	1.2260344099990192	0.22570338958844824	0.6878009476640453	-4.874828235290166	1.0	1.1526199252985323	0.25416217517737394	0.7131619985707811
A6L7P7	pgi	G6PI_PHOV8 Glucose-6-phosphate isomerase 	UP000002861	Phocaeicola vulgatus dnLKV7	-0.33969647330767194	0.5252807108678567	-1.4905436315710858	0.14211645814092053	0.6549715027364164	-4.580115682687291	1.0	-1.415241312410728	0.1627604041239418	0.6968449979824339
A6L7Q5	BVU_4117	A6L7Q5_PHOV8 Probable N-acetylneuraminate lyase 	UP000002861	Phocaeicola vulgatus dnLKV7	0.15506629965570728	0.959644547684836	0.5752832069012279	0.5675783022990535	0.9056097685254049	-5.365629657223798	1.0	0.5564477993962788	0.5802120408652149	0.9168586531561892
A6L7Q8	nagB	NAGB_PHOV8 Glucosamine-6-phosphate deaminase 	UP000002861	Phocaeicola vulgatus dnLKV7	0.528000645089876	-1.3198748701659293	1.5492280674606984	0.12738587118591674	0.6399806199083075	-4.507656374496767	1.0	1.5258247638624651	0.13291129234326068	0.6680875259265597
A8K7I4	CLCA1	CLCA1_HUMAN Calcium-activated chloride channel regulator 1 	UP000005640	Homo sapiens	-0.41041894825785474	0.3183946054991182	-1.9401610712259618	0.05778613884595098	0.5798331071673457	-3.96257764576917	17.0	-2.008839753428329	0.04958368865040545	0.5839856663269976
B7ZL91	MEP1A	B7ZL91_HUMAN Meprin A subunit 	UP000005640	Homo sapiens	0.06888025444254392	-0.33572963820567486	0.3409490036610259	0.7345143158595869	0.9732314685139527	-5.456910051829136	9.0	0.3499405488437939	0.7277495832853655	0.9717328254280897
C9JFW8	NAALADL1	C9JFW8_HUMAN N-acetylated alpha-linked acidic dipeptidase like 1 	UP000005640	Homo sapiens	0.02647852874704046	-0.0754643516135931	0.20504937463700545	0.8383332688387161	0.9736698510071188	-5.4885577102441365	9.0	0.2134533312231903	0.8317802316740679	0.9733540969898297
C9JUF9	CPA1	C9JUF9_HUMAN Carboxypeptidase A1 	UP000005640	Homo sapiens	0.9114850676916384	2.1410032493326545	1.7217033221795797	0.09106162524490188	0.5798331071673457	-4.280314096294105	12.0	1.7540425425840316	0.08511801719299755	0.591543202745039
E7EQ64	PRSS1	E7EQ64_HUMAN Serine protease 1 	UP000005640	Homo sapiens	-0.585201082265649	1.5047759736187336	-1.704265121677292	0.09429451764144627	0.5798331071673457	-4.304259873264218	4.0	-1.723014758469061	0.09062974429742954	0.591543202745039
E7EQB2	LTF	E7EQB2_HUMAN Lactotransferrin (Fragment) 	UP000005640	Homo sapiens	-0.12157286974253223	-1.403918634536185	-0.3338452137532328	0.7398375674138955	0.9736698510071188	-5.458953001014381	1.0	-0.3300631115273598	0.7426340898500354	0.9733540969898297
E9PG40	APP	E9PG40_HUMAN Amyloid-beta A4 protein 	UP000005640	Homo sapiens	-0.17224659024824707	-2.2819199388440774	-0.5017694671841301	0.6179454531151926	0.9291094756058214	-5.399241107874698	1.0	-0.49440680730457554	0.6230317660297833	0.9301601013965779
F8W062	PLA2G1B	F8W062_HUMAN Phospholipase A2 	UP000005640	Homo sapiens	-0.3904171408819673	-0.5393053535212192	-1.1526246505547548	0.25433025523315417	0.70944755407143	-4.947142769110347	6.0	-1.1725624251619027	0.2461372218782483	0.705149878894441
H7C012	PLB1	H7C012_HUMAN Phospholipase B1, membrane-associated (Fragment) 	UP000005640	Homo sapiens	-0.43700819114343337	-2.0805806692376803	-1.6913604739195878	0.09674740398459561	0.5798331071673457	-4.3218426786393405	1.0	-1.6291781007666517	0.10911749904716415	0.6087607841578632
J3QKX5	MEP1B	J3QKX5_HUMAN Meprin A subunit 	UP000005640	Homo sapiens	0.20380514639707814	-0.6930074869813736	0.6837673809124216	0.4971547245727109	0.8611438703250182	-5.3077864801261985	3.0	0.6852490764641622	0.4961287868458606	0.8551162830188817
O43451	MGAM	MGA_HUMAN Maltase-glucoamylase 	UP000005640	Homo sapiens	-0.03139882016801365	0.5887252177760554	-0.19239588971908825	0.8481807468952648	0.9736698510071188	-5.49070456606298	61.0	-0.20603807193503462	0.8375388839122689	0.9733540969898297
O43895	XPNPEP2	XPP2_HUMAN Xaa-Pro aminopeptidase 2 	UP000005640	Homo sapiens	0.5663443102700312	-1.1913018088242526	2.1178595278397614	0.03898148925168353	0.5798331071673457	-3.6807001403126343	3.0	2.1152202313885993	0.03905814650072966	0.5839856663269976
O95497	VNN1	VNN1_HUMAN Pantetheinase 	UP000005640	Homo sapiens	-0.4794998941994951	-0.9952072004564024	-1.6373503663890439	0.10758931127853189	0.6002351050275989	-4.3941542663995445	1.0	-1.5953357005838813	0.11649543960305285	0.6174258298961801
P00915	CA1	CAH1_HUMAN Carbonic anhydrase 1 	UP000005640	Homo sapiens	-0.23208621533411833	-0.388333536399373	-0.71490007904734	0.4778649128814746	0.8440051438463498	-5.289382691808372	2.0	-0.715123601095757	0.4776246578226385	0.8455790231438499
P01009	SERPINA1	A1AT_HUMAN Alpha-1-antitrypsin 	UP000005640	Homo sapiens	-0.12382545546045343	1.2849362096596506	-0.5132268438653368	0.6099640953392877	0.9236599157994928	-5.394300764303493	9.0	-0.525252378498565	0.6015658575740608	0.9174961280985675
P01591	JCHAIN	IGJ_HUMAN Immunoglobulin J chain 	UP000005640	Homo sapiens	-0.7250564356412488	0.9785432109249672	-2.1599740051695773	0.03540125125674878	0.5798331071673457	-3.6109344349826586	7.0	-2.1998461176473523	0.032133714760099436	0.5839856663269976
P01602	IGKV1-5	KV105_HUMAN Immunoglobulin kappa variable 1-5 	UP000005640	Homo sapiens	0.3064816560507613	0.09687544562406995	0.8665388648175498	0.3901714817791051	0.7877748013063836	-5.188345910554826	2.0	0.8689914689565443	0.38871207973587685	0.7911089456872046
P01619	IGKV3-20	KV320_HUMAN Immunoglobulin kappa variable 3-20 	UP000005640	Homo sapiens	-0.05181143359811613	1.2038792443235842	-0.12632271307699672	0.8999631480394719	0.9736698510071188	-5.49969693975356	2.0	-0.12712040410931738	0.8993190401287398	0.9733540969898297
P01764	IGHV3-23	HV323_HUMAN Immunoglobulin heavy variable 3-23 	UP000005640	Homo sapiens	0.11704129989313793	0.17086925948694082	0.3075036668270083	0.7596869992046025	0.9736698510071188	-5.46615472745354	1.0	0.3047200985484377	0.7617550258688914	0.9733540969898297
P01833	PIGR	PIGR_HUMAN Polymeric immunoglobulin receptor 	UP000005640	Homo sapiens	-0.6196562344878587	0.9708702285065646	-1.8569865958330345	0.06897529560317514	0.5798331071673457	-4.087379646343163	19.0	-1.902684646197953	0.06243931294108125	0.591543202745039
P01859	IGHG2	IGHG2_HUMAN Immunoglobulin heavy constant gamma 2 	UP000005640	Homo sapiens	-0.21794904475438104	2.5960347563887103	-0.8093016245536508	0.4220255990924573	0.8205967711158338	-5.228695393074159	1.0	-0.7827373258882011	0.43721328770643064	0.820962439785661
P01871	IGHM	IGHM_HUMAN Immunoglobulin heavy constant mu 	UP000005640	Homo sapiens	0.0057449023385923725	0.4525848722282147	0.022685986705293135	0.9819874946990819	0.9913397565533588	-5.506293900089994	8.0	0.023171421749321696	0.9815992646706286	0.9909478290960632
P01876	IGHA1	IGHA1_HUMAN Immunoglobulin heavy constant alpha 1 	UP000005640	Homo sapiens	-0.875738849781857	2.4187316575729962	-2.232290776558556	0.029923651867959884	0.5798331071673457	-3.488563057977376	15.0	-2.2802849418758093	0.026578740422413406	0.5839856663269976
P02763	ORM1	A1AG1_HUMAN Alpha-1-acid glycoprotein 1 	UP000005640	Homo sapiens	0.16904052958907212	-0.8474452446663499	0.5135304935094105	0.609753211112492	0.9236599157994928	-5.394168333052859	1.0	0.5046577643558924	0.6158600973643445	0.9259740471010003
P04406	GAPDH	G3P_HUMAN Glyceraldehyde-3-phosphate dehydrogenase 	UP000005640	Homo sapiens	-0.32091268449321675	0.283735599610983	-1.0490348564940026	0.29900833189129605	0.7484059767684593	-5.042009905847873	2.0	-1.0472608092240265	0.2996615724489008	0.7562887304662734
P04746	AMY2A	AMYP_HUMAN Pancreatic alpha-amylase 	UP000005640	Homo sapiens	0.2107965871666826	2.140785323053905	0.357250088708194	0.7223489279485382	0.9731431941320114	-5.452060365191423	4.0	0.36250635373646684	0.7183938933294325	0.9717328254280897
P05109	S100A8	S10A8_HUMAN Protein S100-A8 	UP000005640	Homo sapiens	-1.0962763499110406	0.9758184452311227	-2.966480043766559	0.0045405149038405595	0.3093596583716473	-2.077968645478356	1.0	-2.9351815129020293	0.004893778757060217	0.2992678792483913
P05451	REG1A	REG1A_HUMAN Lithostathine-1-alpha 	UP000005640	Homo sapiens	-1.390244376976564	1.9584403908472356	-2.840421870878106	0.006415081747290082	0.3093596583716473	-2.340259124912277	1.0	-2.8428775775455697	0.006305866918389537	0.2992678792483913
P06312	IGKV4-1	KV401_HUMAN Immunoglobulin kappa variable 4-1 	UP000005640	Homo sapiens	0.04379457845810042	0.9235611238599537	0.1589154027797027	0.8743504891586237	0.9736698510071188	-5.495726610965062	4.0	0.16017592705585348	0.8733423855494474	0.9733540969898297
P06702	S100A9	S10A9_HUMAN Protein S100-A9 	UP000005640	Homo sapiens	-0.5708265811998194	1.2993075881625706	-1.724367022092766	0.09057596599117977	0.5798331071673457	-4.276637591164332	2.0	-1.7259577613007038	0.09009458616095511	0.591543202745039
P06870	KLK1	KLK1_HUMAN Kallikrein-1 	UP000005640	Homo sapiens	0.006095358209714213	0.19649795642023965	0.02327663582371393	0.9815186088982562	0.9913397565533588	-5.506282300901388	4.0	0.023439808358158305	0.9813861748093717	0.9909478290960632
P08217	CELA2A	CEL2A_HUMAN Chymotrypsin-like elastase family member 2A 	UP000005640	Homo sapiens	-0.6637158520341861	1.1797004213313955	-1.2329317767690378	0.22314036994224115	0.6878009476640453	-4.867819023954163	2.0	-1.246005067943673	0.21816122783608938	0.6968449979824339
P08861	CELA3B	CEL3B_HUMAN Chymotrypsin-like elastase family member 3B 	UP000005640	Homo sapiens	-0.9141495021526134	0.5987977532458206	-1.735891440421127	0.08849941883763804	0.5798331071673457	-4.260674132317183	4.0	-1.7605850907645437	0.08399209879429133	0.591543202745039
P09093	CELA3A	CEL3A_HUMAN Chymotrypsin-like elastase family member 3A 	UP000005640	Homo sapiens	-0.1750437397497837	2.607961167109168	-0.5253623052916626	0.6015621376389102	0.9236599157994928	-5.388947845287769	20.0	-0.5384340610660096	0.5924982805773487	0.9168586531561892
P09923	ALPI	PPBI_HUMAN Intestinal-type alkaline phosphatase 	UP000005640	Homo sapiens	-0.6152264520897903	0.915750615330117	-1.5732344164934724	0.12172357684612749	0.6399806199083075	-4.477291395387106	12.0	-1.6056229503201587	0.11421126239655935	0.6174258298961801
P0DOY2	IGLC2	IGLC2_HUMAN Immunoglobulin lambda constant 2 	UP000005640	Homo sapiens	-0.761517645333688	1.6800055448016806	-1.239992786810623	0.22053880541191395	0.6878009476640453	-4.860605485255086	1.0	-1.2480907455912764	0.21740251362700128	0.6968449979824339
P0DTE7	AMY1B	AMY1B_HUMAN Alpha-amylase 1B 	UP000005640	Homo sapiens	0.23292207163153353	0.2951493999351589	0.7803715793925479	0.4387064617503189	0.8254543293864814	-5.248071360763666	3.0	0.7820932179156127	0.43758847026311176	0.820962439785661
P12830	CDH1	CADH1_HUMAN Cadherin-1 	UP000005640	Homo sapiens	0.45556819176334284	0.09692952708849244	1.9355222410200685	0.058366597111509315	0.5798331071673457	-3.9696598824884974	4.0	1.944740427674239	0.05704140409486345	0.591543202745039
P13688	CEACAM1	CEAM1_HUMAN Carcinoembryonic antigen-related cell adhesion molecule 1 	UP000005640	Homo sapiens	0.1165479370777076	-0.1603198547284091	0.7086231126814261	0.4817199170066431	0.8440051438463498	-5.293157753228888	6.0	0.7224218110664969	0.4731638631170628	0.8455790231438499
P14410	SI	SUIS_HUMAN Sucrase-isomaltase, intestinal 	UP000005640	Homo sapiens	-0.24294775415181502	-0.2537088538817983	-0.7095011076317518	0.48117965041812694	0.8440051438463498	-5.29263167187092	3.0	-0.7134846832319869	0.47862963574180184	0.8455790231438499
P15086	CPB1	CBPB1_HUMAN Carboxypeptidase B 	UP000005640	Homo sapiens	-0.20292444954450817	1.4771301516850175	-0.5319138883354667	0.5970486092385843	0.9236599157994928	-5.386006600965742	10.0	-0.542494279388826	0.5897183240827386	0.9168586531561892
P16444	DPEP1	DPEP1_HUMAN Dipeptidase 1 	UP000005640	Homo sapiens	0.2833553541938936	-0.47691123188761725	1.318539259424493	0.19309528976762777	0.6878009476640453	-4.7777811341776895	9.0	1.351799705489331	0.18209558677228244	0.6968449979824339
P19961	AMY2B	AMY2B_HUMAN Alpha-amylase 2B 	UP000005640	Homo sapiens	0.09395750713920617	-0.18850858247483063	0.16172603201878977	0.8721477111147632	0.9736698510071188	-5.49534177777712	1.0	0.16259359906159285	0.8714476001922606	0.9733540969898297
P25311	AZGP1	ZA2G_HUMAN Zinc-alpha-2-glycoprotein 	UP000005640	Homo sapiens	0.19070697566817496	-1.503962159562058	0.8583798922622405	0.39461809973925366	0.7892361994785073	-5.194260693212056	2.0	0.843538035697997	0.4026626326497029	0.8007587812551528
P30740	SERPINB1	ILEU_HUMAN Leukocyte elastase inhibitor 	UP000005640	Homo sapiens	-0.16658816757695383	0.5757083272553855	-0.8806876958212122	0.38253505889408257	0.7797830046687068	-5.177960615251743	6.0	-0.8972241222201692	0.37359691309967724	0.7822386498593099
P32320	CDA	CDD_HUMAN Cytidine deaminase 	UP000005640	Homo sapiens	-0.2803143378281657	-0.021426520018748802	-0.7781852694471437	0.439982732172983	0.8254543293864814	-5.249507768215893	1.0	-0.7689102339630648	0.4453090915352559	0.8281186614515285
P40199	CEACAM6	CEAM6_HUMAN Carcinoembryonic antigen-related cell adhesion molecule 6 	UP000005640	Homo sapiens	-0.3179931214144007	-1.2456048779299849	-1.376301024300609	0.17462044604440055	0.6878009476640453	-4.71387614653659	2.0	-1.3558611750226635	0.18080745420800742	0.6968449979824339
P55259	GP2	GP2_HUMAN Pancreatic secretory granule membrane major glycoprotein GP2 	UP000005640	Homo sapiens	-0.41407033189393694	1.2279024887131218	-1.180098743157987	0.2433258069566198	0.6878009476640453	-4.920569250241336	2.0	-1.1831826116250732	0.24193887060162436	0.705149878894441
P80188	LCN2	NGAL_HUMAN Neutrophil gelatinase-associated lipocalin 	UP000005640	Homo sapiens	-0.02271492011321942	0.06827834514603481	-0.12848995213846573	0.8982564009153253	0.9736698510071188	-5.49946107182177	6.0	-0.13094268827149488	0.8963090654455236	0.9733540969898297
P98073	TMPRSS15	ENTK_HUMAN Enteropeptidase 	UP000005640	Homo sapiens	-0.2319819682678359	0.5238021920923881	-1.1222221263553993	0.2669178477349599	0.7162978664318523	-4.97586087241552	8.0	-1.1489433758420233	0.2556618485442423	0.7131619985707811
P98088	MUC5AC	MUC5A_HUMAN Mucin-5AC 	UP000005640	Homo sapiens	-0.06095907251523691	-1.2495724825838785	-0.2517151636881358	0.8022523782250721	0.9736698510071188	-5.479461115518281	2.0	-0.2486583303395307	0.8045718656177843	0.9733540969898297
Q02817	MUC2	MUC2_HUMAN Mucin-2 	UP000005640	Homo sapiens	-0.012433705819153817	0.7333792023706291	-0.09218290171523627	0.9269065800685485	0.9825209748726615	-5.502883364023901	25.0	-0.09931874094390583	0.9212543547253381	0.9765296160088585
Q07654	TFF3	TFF3_HUMAN Trefoil factor 3 	UP000005640	Homo sapiens	-0.09185884545347528	0.0315069841351785	-0.2722636538949236	0.7864963718959125	0.9736698510071188	-5.474867800833613	3.0	-0.27370370208032413	0.7853604105262735	0.9733540969898297
Q08380	LGALS3BP	LG3BP_HUMAN Galectin-3-binding protein 	UP000005640	Homo sapiens	-0.2652527758727662	0.07370995096474872	-1.1844115609647974	0.241630092871665	0.6878009476640453	-4.9163443838814125	7.0	-1.2089937185506692	0.2319518154644072	0.6968449979824339
Q12864	CDH17	CAD17_HUMAN Cadherin-17 	UP000005640	Homo sapiens	-0.21470145134960367	0.06011996020255247	-0.9935103543672605	0.3250573151838607	0.7574831148946896	-5.089360785049694	7.0	-1.0144355240575393	0.3149155650543317	0.7586602249036173
Q13228	SELENBP1	SBP1_HUMAN Methanethiol oxidase 	UP000005640	Homo sapiens	0.00079704239871492	0.6039029536463443	0.006262963981565188	0.9950268514171974	0.9968619482551518	-5.506497033615102	24.0	0.006790683339590928	0.9946069783980573	0.9970592867475778
Q14315	FLNC	FLNC_HUMAN Filamin-C 	UP000005640	Homo sapiens	-0.9616447714154752	2.1487782221722673	-1.2838078069399188	0.204894513145075	0.6878009476640453	-4.814986624834406	1.0	-1.2963993166741172	0.20037134438591933	0.6968449979824339
Q14CN2	CLCA4	CLCA4_HUMAN Calcium-activated chloride channel regulator 4 	UP000005640	Homo sapiens	0.23364251951443404	-1.307762352559446	0.9561963691727691	0.3433928979886881	0.7663083618273882	-5.1197976266115734	2.0	0.9450509016388042	0.3488580368655908	0.7756234830826585
Q6P587	FAHD1	FAHD1_HUMAN Acylpyruvase FAHD1, mitochondrial 	UP000005640	Homo sapiens	-0.2679807051997901	-0.9291813296077523	-0.9155394787537326	0.36413041745928065	0.7781956737952656	-5.151687122692188	1.0	-0.8920096891630069	0.3763601051209887	0.7822386498593099
Q6UWV6	ENPP7	ENPP7_HUMAN Ectonucleotide pyrophosphatase/phosphodiesterase family member 7 	UP000005640	Homo sapiens	-0.023950734691813802	0.10090937111419099	-0.13265388701793984	0.8949785788279188	0.9736698510071188	-5.498996645485154	12.0	-0.13737721653966398	0.8912454856975037	0.9733540969898297
Q6UX06	OLFM4	OLFM4_HUMAN Olfactomedin-4 	UP000005640	Homo sapiens	-0.08759490174306378	0.4293487992187918	-0.278867669889597	0.7814512939691272	0.9736698510071188	-5.473315320746483	1.0	-0.27317090673225575	0.7857677500457102	0.9733540969898297
Q86UP6	CUZD1	CUZD1_HUMAN CUB and zona pellucida-like domain-containing protein 1 	UP000005640	Homo sapiens	-0.1419100614365052	0.061307485317544264	-0.9028888024964796	0.37074416534585763	0.7781956737952656	-5.161337674785381	9.0	-0.9325747243392378	0.3552060620370835	0.7756234830826585
Q8WWA0	ITLN1	ITLN1_HUMAN Intelectin-1 	UP000005640	Homo sapiens	-0.10758830923261686	0.1988932351611505	-0.5369833687518263	0.5935670492912226	0.9236599157994928	-5.383706026611844	7.0	-0.5486850245065498	0.5854915722819949	0.9168586531561892
Q92484	SMPDL3A	ASM3A_HUMAN Acid sphingomyelinase-like phosphodiesterase 3a 	UP000005640	Homo sapiens	0.20578695102094763	-0.3678209896663352	0.978624220932297	0.33229212115663265	0.7574831148946896	-5.101637160112421	1.0	0.9189924690651496	0.3622015321942603	0.7756234830826585
Q92485	SMPDL3B	ASM3B_HUMAN Acid sphingomyelinase-like phosphodiesterase 3b 	UP000005640	Homo sapiens	-0.0433613161222029	-0.4384585119348249	-0.18831746673548846	0.8513600324853899	0.9736698510071188	-5.491367450236975	2.0	-0.1854817148763805	0.8535487465158699	0.9733540969898297
Q99895	CTRC	CTRC_HUMAN Chymotrypsin-C 	UP000005640	Homo sapiens	-0.1195916224687601	0.9266849882322667	-0.38101105656131834	0.704745683099336	0.9639102246261886	-5.444588101607982	5.0	-0.38665081840496407	0.7005398381350009	0.9581577140943237
Q9BYE9	CDHR2	CDHR2_HUMAN Cadherin-related family member 2 	UP000005640	Homo sapiens	-0.15492262023957737	0.8089737486150628	-0.944548221599092	0.3492533182681101	0.7712677445087432	-5.129070021246432	17.0	-0.9903012242091598	0.326460049039203	0.760783416846
Q9HAT2	SIAE	SIAE_HUMAN Sialate O-acetylesterase 	UP000005640	Homo sapiens	0.0854344024504348	0.287675203874638	0.35019187200293656	0.7276077775542804	0.9731431941320114	-5.454187881007199	3.0	0.348533761320112	0.7287996190710673	0.9717328254280897
Q9HC84	MUC5B	MUC5B_HUMAN Mucin-5B 	UP000005640	Homo sapiens	0.5687324378460015	-2.283043945267456	1.1250536711204442	0.2657271978369679	0.7162978664318523	-4.973216810988929	1.0	1.1271116936358665	0.2646972933262582	0.7287769634437239
Q9Y646	CPQ	CBPQ_HUMAN Carboxypeptidase Q 	UP000005640	Homo sapiens	0.09156890554929392	-0.46655359254053624	0.2747406246984467	0.7846030185159967	0.9736698510071188	-5.474289857186204	2.0	0.2750509913412935	0.784330633495608	0.9733540969898297
Q9Y6R7	FCGBP	FCGBP_HUMAN IgGFc-binding protein 	UP000005640	Homo sapiens	0.03633458987887572	0.34954986424239376	0.21562772801861105	0.8301206243222576	0.9736698510071188	-5.486658222717548	58.0	0.23001150371287923	0.818955150588201	0.9733540969898297
R6T6C0	pgi	R6T6C0_9FIRM Glucose-6-phosphate isomerase 	UP000018162	[Eubacterium] rectale	-0.3183289020207169	-0.6208605675955793	-0.6528597011210343	0.5167198537426304	0.8708909364173105	-5.325263226932003	1.0	-0.653347363742239	0.5163150098609207	0.8687204927818666
R6TAA1	acpP	R6TAA1_9FIRM Acyl carrier protein 	UP000018162	[Eubacterium] rectale	0.3736892193176182	-1.323079586939605	1.2652962199861781	0.21139984574371315	0.6878009476640453	-4.8344401542694015	1.0	1.233671294062249	0.22268794667224803	0.6968449979824339
R6TBZ7	BN626_02485	R6TBZ7_9FIRM Fructose-1 6-bisphosphate aldolase class II various bacterial and amitochondriate protist 	UP000018162	[Eubacterium] rectale	0.046927229735319445	0.12810698840626183	0.2505045646043968	0.8031832881528238	0.9736698510071188	-5.479720522532953	4.0	0.2500242380096278	0.8035208719015605	0.9733540969898297
R6TCL4	BN626_00462	R6TCL4_9FIRM 3-hydroxybutyryl-coA dehydratase 	UP000018162	[Eubacterium] rectale	0.31925172693351156	-0.2784652789249821	0.7493069436694803	0.457045182675323	0.8352894717859352	-5.26811245114897	1.0	0.7462927885710531	0.45873933362007546	0.8436724807574512
R6TEV5	BN626_00671	R6TEV5_9FIRM Carbohydrate ABC transporter substrate-binding protein CUT1 family (TC 3.A.1.1.-) 	UP000018162	[Eubacterium] rectale	-0.997236234475888	0.1470951475314083	-2.792659605342028	0.007296218357821871	0.3093596583716473	-2.4376143078300925	2.0	-2.8012811026084896	0.007058204699254512	0.2992678792483913
R6TGK0	tpiA	R6TGK0_9FIRM Triosephosphate isomerase 	UP000018162	[Eubacterium] rectale	0.2340691663825274	-1.0616265894866934	0.757863411547848	0.45195018289640954	0.8331603371655549	-5.262671461610618	1.0	0.7414715088718004	0.4616321121125676	0.8436724807574512
R6TH17	BN626_02218	R6TH17_9FIRM Hypothetical ABC transporter extracellular binding protein 	UP000018162	[Eubacterium] rectale	-0.3492990958189349	-0.3816339296467577	-0.9147266977756405	0.3645530428449413	0.7781956737952656	-5.152311040248013	3.0	-0.9218106144381709	0.36074281120200624	0.7756234830826585
R6THI1	BN626_00603	R6THI1_9FIRM HPr domain-containing protein 	UP000018162	[Eubacterium] rectale	-0.7409308504289107	0.061643672126754354	-1.3530170558471168	0.1818975883220846	0.6878009476640453	-4.739940038577686	1.0	-1.3583975830372013	0.18000654453826254	0.6968449979824339
R6TIX8	BN626_02456	R6TIX8_9FIRM 3-hydroxybutyryl-CoA dehydrogenase 	UP000018162	[Eubacterium] rectale	0.6854632418793491	0.4476667513273206	2.2309065866011766	0.03002102955108613	0.5798331071673457	-3.4909355159076245	2.0	2.2274814799676297	0.030119417442635625	0.5839856663269976
R6TRX4	pckA	R6TRX4_9FIRM Phosphoenolpyruvate carboxykinase (ATP) 	UP000018162	[Eubacterium] rectale	0.4352316472080373	-2.3180072293460263	0.6514764357065019	0.5176049905121751	0.8708909364173105	-5.3260268628398455	1.0	0.6567376745448971	0.5141491398250135	0.8687204927818666
R6TUP7	fusA	R6TUP7_9FIRM Elongation factor G 	UP000018162	[Eubacterium] rectale	-0.298406438066695	-0.7186547573430938	-1.2868558756371737	0.20383787649624407	0.6878009476640453	-4.811758296129337	3.0	-1.2779260232064644	0.2067620080414869	0.6968449979824339
R6ULR2	BN626_00613	R6ULR2_9FIRM Aldose 1-epimerase 	UP000018162	[Eubacterium] rectale	-0.53255570793402	-1.4431939402289309	-2.170700324111921	0.03453683575121178	0.5798331071673457	-3.5929881786833313	1.0	-2.0793240960721358	0.04236856576861093	0.5839856663269976
R6UTS5	BN626_01437	R6UTS5_9FIRM PTS system IIA component Glc family (TC 4.A.1) 	UP000018162	[Eubacterium] rectale	-0.21999167463353864	5.666341557800328	-1.2015547274690361	0.2349743873113517	0.6878009476640453	-4.899407863650428	1.0	-1.1028096764528879	0.27501859905790305	0.7367672857809315
R6UV03	dnaK	R6UV03_9FIRM Chaperone protein DnaK 	UP000018162	[Eubacterium] rectale	0.1996078240354346	-0.07104399576136093	0.7101127463924599	0.4808034844986422	0.8440051438463498	-5.292264810744942	2.0	0.7065889588280061	0.4828710497194577	0.846022004467149
